mut_type,ddG
F23C:W34C,0.8651562780127282
F23C:W34L,0.94808352394432
F23E:W34Y,0.8696665394720742
F23I:W34C,0.7889176945325048
F23I:W34F,0.1948414186277847
F23I:W34L,0.6092656112108581
F23I:W34T,0.7352818993078913
F23I:W34Y,0.1866012847834399
F23L:W34F,0.6966511124481377
F23M:W34F,0.0953293407978495
F23V:W34L,1.077701201131894
F23V:W34Y,1.76361815295972
F23W:W34C,1.0235051832142283
F23W:W34Y,1.5981932460831143
F23Y:W34F,-0.2483414777636761
F23Y:W34L,0.3029747642469431
F23Y:W34T,0.5558638627358374
F23Y:W34Y,-0.2304375989480311
